zone_name,zone_type_id,city_id,boundary
Malmö C,1,3,"POLYGON((12.999047 55.60899, 12.999326 55.608445, 12.999219 55.608439, 12.99895 55.608984, 12.999047 55.60899))"
Möllevångstorget,2,3,"POLYGON((13.008059 55.59143, 13.008059 55.591518, 13.008478 55.591518, 13.008478 55.59143, 13.008059 55.59143))"
Triangeln Nord,2,3,"POLYGON((13.000329 55.594031, 13.000329 55.594225, 13.000581 55.594225, 13.000581 55.594031, 13.000329 55.594031))"
Stora pildammen,3,3,"POLYGON((12.998543 55.58732, 12.997727 55.589502, 12.996268 55.590036, 12.997084 55.591491, 12.994809 55.59183, 12.99232 55.590933, 12.994294 55.590206, 12.99365 55.589624, 12.996011 55.587756, 12.998114 55.587198, 12.998543 55.58732))"
Folkets park,4,3,"POLYGON((13.013241 55.595153, 13.013842 55.59525, 13.01573 55.594377, 13.014615 55.591733, 13.01204 55.592049, 13.011954 55.592364, 13.013241 55.595153))"
